Date,Title,Duration
17. 10. 6.,"트레일러 파크 보이즈: 시즌 11: ""걸어다니는 좀블리""",0:28:00
17. 10. 6.,"트레일러 파크 보이즈: 시즌 11: ""이 개같은 다람쥐들""",0:28:00
17. 10. 6.,"트레일러 파크 보이즈: 시즌 10: ""술이 이긴 것 같네""",0:28:00
17. 10. 6.,"트레일러 파크 보이즈: 시즌 10: ""거친 갱스터의 일""",0:28:00
17. 10. 6.,"트레일러 파크 보이즈: 시즌 10: ""슈퍼 블링 카우보이""",0:28:00
17. 10. 6.,"트레일러 파크 보이즈: 시즌 10: ""연기 속에 사라지다""",0:28:00
17. 10. 6.,"트레일러 파크 보이즈: 시즌 10: ""원하는 만큼 필 수 있어!""",0:28:00
17. 10. 5.,"트레일러 파크 보이즈: 시즌 10: ""믿지 않으면 진짜가 아니야""",0:28:00
17. 10. 5.,"트레일러 파크 보이즈: 시즌 10: ""동굴 이빨""",0:28:00
17. 10. 5.,"트레일러 파크 보이즈: 시즌 10: ""3중 제방""",0:28:00
17. 10. 5.,"트레일러 파크 보이즈: 시즌 10: ""요금을 받고 싶으면 여기 와""",0:28:00
17. 10. 5.,"트레일러 파크 보이즈: 시즌 10: ""자유의 45?""",0:28:00
17. 10. 5.,"트레일러 파크 보이즈: 시즌 9: ""주정뱅이 스너프""",0:28:00
17. 10. 5.,"트레일러 파크 보이즈: 시즌 9: ""털과 헬기""",0:28:00
17. 10. 5.,"트레일러 파크 보이즈: 시즌 9: ""스트립 댄서""",0:28:00
17. 10. 5.,"트레일러 파크 보이즈: 시즌 9: ""오줌""",0:28:00
17. 10. 5.,"트레일러 파크 보이즈: 시즌 9: ""달콤한 음주""",0:28:00
17. 10. 5.,"트레일러 파크 보이즈: 시즌 9: ""모텔은 모텔에 살지 못한다""",0:28:00
17. 10. 5.,"트레일러 파크 보이즈: 시즌 9: ""줄리안의 이사""",0:28:00
17. 10. 5.,"트레일러 파크 보이즈: 시즌 9: ""거룩한 술""",0:28:00
17. 10. 5.,"트레일러 파크 보이즈: 시즌 9: ""겁나 안정된 환경""",0:28:00
17. 10. 5.,"트레일러 파크 보이즈: 시즌 9: ""젠장 왜 내 트레일러가 분홍색이지?""",0:28:00
17. 10. 5.,"트레일러 파크 보이즈: 시즌 8: ""더러운 하수도를 지나""",0:28:00
17. 10. 5.,"트레일러 파크 보이즈: 시즌 8: ""오른쪽이 푸는 거, 왼쪽이 잠그는 거""",0:28:00
17. 10. 5.,"트레일러 파크 보이즈: 시즌 8: ""버블즈의 슈퍼 산업 허니 오일 공장""",0:28:00
17. 10. 5.,"트레일러 파크 보이즈: 시즌 8: ""사회봉사 그리고 사랑의 발기""",0:28:00
17. 10. 5.,"트레일러 파크 보이즈: 시즌 8: ""피해의 일치""",0:28:00
17. 10. 5.,"트레일러 파크 보이즈: 시즌 8: ""매춘의 종말""",0:28:00
17. 10. 5.,"트레일러 파크 보이즈: 시즌 8: ""불사신 오렌지""",0:28:00
17. 10. 5.,"트레일러 파크 보이즈: 시즌 8: ""더티 댄서""",0:28:00
17. 10. 5.,"트레일러 파크 보이즈: 시즌 8: ""V팀의 탄생""",0:28:00
17. 10. 4.,"트레일러 파크 보이즈: 시즌 8: ""돈 따위 엿이나 먹으라 그래""",0:28:00
17. 10. 4.,"트레일러 파크 보이즈: 시즌 7: ""똥의 강이 흐른다""",0:28:00
17. 10. 4.,"트레일러 파크 보이즈: 시즌 7: ""스웨이지 익스프레스""",0:28:00
17. 10. 4.,"트레일러 파크 보이즈: 시즌 7: ""술 먹고 생각 좀 해야겠네""",0:28:00
17. 10. 4.,"릭 앤 모티: 시즌 3: ""베스의 기본""",0:28:00
17. 10. 4.,"트레일러 파크 보이즈: 시즌 7: ""치즈버거 뛰어넘기""",0:28:00
17. 10. 4.,"트레일러 파크 보이즈: 시즌 7: ""날개 없는 이들을 천사라 부를 수 없기에 친구라 부른다""",0:28:00
17. 10. 4.,"트레일러 파크 보이즈: 시즌 7: ""거대 돼지 같은 놈""",0:28:00
17. 10. 3.,"트레일러 파크 보이즈: 시즌 7: ""길 가다 보면 필요한 친구""",0:28:00
17. 10. 3.,"트레일러 파크 보이즈: 시즌 7: ""남자 세 명이 죽었다네""",0:28:00
17. 10. 3.,"트레일러 파크 보이즈: 시즌 7: ""루시가 애를 뱄네? 그게 뭐?""",0:28:00
17. 10. 3.,"트레일러 파크 보이즈: 시즌 7: ""코리랑 트레버가 x나게 보고 싶어""",0:28:00
17. 10. 3.,"트레일러 파크 보이즈: 시즌 6: ""랜디를 살리고 싶다면 돈 내놔""",0:28:00
17. 10. 3.,"트레일러 파크 보이즈: 시즌 6: ""1977년 핼러윈""",0:28:00
17. 10. 3.,"트레일러 파크 보이즈: 시즌 6: ""오스카 골드만 이 자식 어딨는 거야?""",0:28:00
17. 10. 3.,"트레일러 파크 보이즈: 시즌 6: ""고화질 오줌통""",0:28:00
17. 10. 3.,"트레일러 파크 보이즈: 시즌 6: ""치즈버거 피크닉""",0:28:00
17. 10. 3.,"트레일러 파크 보이즈: 시즌 6: ""도로 위의 법""",0:28:00
17. 10. 3.,"트레일러 파크 보이즈: 시즌 5: ""똥보라""",0:28:00
17. 10. 3.,"트레일러 파크 보이즈: 시즌 5: ""난 늘 취해 있어""",0:28:00
17. 10. 2.,"트레일러 파크 보이즈: 시즌 5: ""드레스드 올 오버 맛이랑 제스티 모던트 맛""",0:28:00
17. 10. 2.,"트레일러 파크 보이즈: 시즌 5: ""똥바람""",0:28:00
17. 10. 2.,"트레일러 파크 보이즈: 시즌 5: ""니 똥은 니가 치워""",0:28:00
17. 10. 2.,"트레일러 파크 보이즈: 시즌 5: ""짐 래히는 주정뱅이로 살다가 뒈질 거야""",0:28:00
17. 10. 2.,"트레일러 파크 보이즈: 시즌 5: ""하늘을 탓해도 좋아""",0:28:00
17. 10. 2.,"트레일러 파크 보이즈: 시즌 5: ""그녀는 간다""",0:28:00
17. 10. 2.,"트레일러 파크 보이즈: 시즌 5: ""똥 같은 꼭두각시""",0:28:00
17. 10. 2.,"트레일러 파크 보이즈: 시즌 5: ""평화를 맞을 기회를""",0:28:00
17. 10. 2.,"트레일러 파크 보이즈: 시즌 4: ""노동자""",0:28:00
17. 10. 2.,"트레일러 파크 보이즈: 시즌 4: ""프로판 가스, 프로판 가스""",0:28:00
17. 10. 2.,"트레일러 파크 보이즈: 시즌 4: ""사랑하면 보내줘""",0:28:00
17. 10. 2.,"트레일러 파크 보이즈: 시즌 4: ""콩키""",0:28:00
17. 10. 2.,"트레일러 파크 보이즈: 시즌 4: ""그린 배스타드""",0:28:00
17. 10. 2.,"트레일러 파크 보이즈: 시즌 4: ""그렇고 그런 가게""",0:28:00
17. 10. 2.,"트레일러 파크 보이즈: 시즌 4: ""먹고 살아야죠""",0:28:00
17. 10. 2.,"트레일러 파크 보이즈: 시즌 4: ""똥늑대를 외치지 마라""",0:28:00
17. 10. 2.,"루폴의 드래그 레이스: 시즌 8: ""뮤직비디오 도전""",0:28:00
17. 10. 2.,"트레일러 파크 보이즈: 시즌 3: ""세 살 버릇 여든까지 간다""",0:28:00
17. 10. 2.,"트레일러 파크 보이즈: 시즌 3: ""짐 래히의 망상""",0:28:00
17. 10. 2.,"트레일러 파크 보이즈: 시즌 3: ""랜디의 바베큐는 도대체 어디있지?""",0:28:00
17. 10. 2.,"트레일러 파크 보이즈: 시즌 3: ""마음에 더 가까운""",0:28:00
17. 10. 2.,"트레일러 파크 보이즈: 시즌 3: ""마이크의 암살자""",0:28:00
17. 10. 1.,"루폴의 드래그 레이스: 시즌 9: ""오 마이 가가""",0:28:00
17. 10. 1.,"트레일러 파크 보이즈: 시즌 3: ""담배와 욕설""",0:28:00
17. 10. 1.,"트레일러 파크 보이즈: 시즌 3: ""임시 트레일러 파크 경비""",0:28:00
17. 10. 1.,"트레일러 파크 보이즈: 시즌 3: ""자유의 키스""",0:28:00
17. 10. 1.,"트레일러 파크 보이즈: 시즌 2: ""알몸 프로젝트""",0:28:00
17. 10. 1.,"트레일러 파크 보이즈: 시즌 2: ""랜디를 믿으면 안돼""",0:28:00
17. 10. 1.,"트레일러 파크 보이즈: 시즌 2: ""성경을 파는 전도사""",0:28:00
17. 10. 1.,"트레일러 파크 보이즈: 시즌 2: ""고양이가 있으면 안될 곳""",0:28:00
17. 10. 1.,"트레일러 파크 보이즈: 시즌 2: ""트레버와 코리는 덤 앤 더머""",0:28:00
17. 10. 1.,"트레일러 파크 보이즈: 시즌 2: ""짐 래히는 술취한 개""",0:28:00
17. 10. 1.,"트레일러 파크 보이즈: 시즌 2: ""망할! 트레일러 파크에 무슨 일이 있었던 거야?""",0:28:00
17. 10. 1.,"트레일러 파크 보이즈: 시즌 1: ""누가 이 멍청이들을 결혼식에 초대한거지?""",0:28:00
17. 10. 1.,"트레일러 파크 보이즈: 시즌 1: ""나 게이일지도 몰라""",0:28:00
17. 10. 1.,"친애하는 백인 여러분: 시즌 1: ""챕터4""",0:28:00
17. 10. 1.,버킷 리스트,1:37:00
17. 10. 1.,"효리네 민박: 시즌 1: ""14화""",1:00:00
17. 10. 1.,"트레일러 파크 보이즈: 시즌 1: ""피터슨 부인의 개""",0:28:00
17. 9. 30.,"트레일러 파크 보이즈: 시즌 1: ""포르노 소동""",0:28:00
17. 9. 30.,"트레일러 파크 보이즈: 시즌 1: ""대학 같은 소리하네, 술이랑 치킨이나 처먹어""",0:28:00
17. 9. 30.,"트레일러 파크 보이즈: 시즌 1: ""내 트레일러 파크에서 꺼져""",0:28:00
17. 9. 30.,"Brooklyn Nine-Nine: 시즌 3: ""지미 피기스""",0:28:00
17. 9. 30.,"Brooklyn Nine-Nine: 시즌 3: ""FBI""",0:28:00
17. 9. 30.,"Brooklyn Nine-Nine: 시즌 3: ""텍사스 교도소""",0:28:00
17. 9. 30.,"Brooklyn Nine-Nine: 시즌 3: ""극도의 불안""",0:28:00
17. 9. 30.,"Brooklyn Nine-Nine: 시즌 3: ""테리 고양이""",0:28:00
17. 9. 30.,"Brooklyn Nine-Nine: 시즌 3: ""탈주자""",0:28:00
17. 9. 30.,"Brooklyn Nine-Nine: 시즌 3: ""새 얼굴""",0:28:00
17. 9. 30.,"Brooklyn Nine-Nine: 시즌 3: ""생쥐들""",0:28:00
17. 9. 30.,"Brooklyn Nine-Nine: 시즌 3: ""9 대 8""",0:28:00
17. 9. 30.,"Brooklyn Nine-Nine: 시즌 3: ""제이크의 생일""",0:28:00
17. 9. 30.,"Brooklyn Nine-Nine: 시즌 3: ""크루즈 여행""",0:28:00
17. 9. 30.,"Brooklyn Nine-Nine: 시즌 3: ""9일간""",0:28:00
17. 9. 30.,"Brooklyn Nine-Nine: 시즌 3: ""출산 소동""",0:28:00
17. 9. 29.,"Brooklyn Nine-Nine: 시즌 3: ""인질 사태""",0:28:00
17. 9. 29.,"Brooklyn Nine-Nine: 시즌 3: ""다이 하드""",0:28:00
17. 9. 29.,"Brooklyn Nine-Nine: 시즌 3: ""스웨덴인들""",0:28:00
17. 9. 29.,"Brooklyn Nine-Nine: 시즌 3: ""침대 매트리스""",0:28:00
17. 9. 29.,"Brooklyn Nine-Nine: 시즌 3: ""숲 속으로""",0:28:00